username, password
Anon, password
James, monday_match
Mary, cents_caught
John, mouth_building
Patricia, allow_threw
Robert, yellow_brazil
Jennifer, basket_melody
Michael, rest_language
Linda, grain_training
William, across_training
Elizabeth, king_lord
David, grown_offer
Barbara, join_beauty
Richard, corner_list
Susan, fair_finally
Joseph, smiled_friends
Jessica, natural_tore
Thomas, thing_bones
Sarah, done_drawing
Charles, even_flowers
Karen, located_gave
Christopher, yard_country
Nancy, does_happen
Daniel, round_they
Margaret, area_provide
Matthew, sudden_great
Lisa, shore_judge
Anthony, friend_cent
Betty, strange_truck
Donald, tries_with
Dorothy, figure_yourself
Mark, verb_pass
Sandra, rolled_husband
Paul, cent_fail
Ashley, women_here
Steven, grave_travel
Kimberly, supply_already
Andrew, business_those
Donna, eggs_tell
Kenneth, step_noun
Emily, shot_separate
Joshua, finished_record
Michelle, spend_slept
George, supply_winter
Carol, numeral_clock
Kevin, arizona_stand
Amanda, describe_havana
Brian, ground_region
Melissa, suppose_ears
Edward, page_electric
Deborah, swim_europe
Ronald, lost_coast
Stephanie, probably_farm
Timothy, before_wheels
Rebecca, forward_paris
Jason, fill_delight
Laura, wild_broke
Jeffrey, horse_reach
Sharon, feel_govern
Ryan, root_cows
Cynthia, rose_center
Jacob, mars_shirt
Kathleen, guard_glossary
Gary, ring_spell
Helen, uncle_shop
Nicholas, bell_busy
Amy, team_success
Eric, gather_britain
Shirley, smoke_mile
Stephen, bridge_agreed
Angela, take_before
Jonathan, effort_nice
Anna, berlin_also
Larry, pattern_device
Brenda, portugal_have
Justin, evening_belfast
Pamela, angry_across
Scott, truck_once
Nicole, fortieth_says
Brandon, bean_over
Ruth, august_hunt
Frank, barbados_broke
Katherine, some_birds
Benjamin, lower_venus
Samantha, whole_flow
Gregory, device_flower
Christine, become_malta
Samuel, human_wales
Emma, oxygen_began
Raymond, trade_next
Catherine, thousand_shoe
Patrick, reply_fear
Debra, terms_device
Alexander, fellow_ready
Virginia, iceland_article
Jack, fence_often
Rachel, canada_products
Dennis, catch_check
Carolyn, paid_watch
Jerry, havana_least
Janet, killed_gather
Tyler, hour_poland
Maria, kind_which
Aaron, arrived_small
Heather, subject_nation
Jose, piece_tore
Diane, lost_news
Henry, period_market
Julie, learn_season
Douglas, nail_actually
Joyce, same_song
Adam, trouble_tools
Victoria, must_engine
Peter, force_also
Kelly, toward_opposite
Nathan, agree_judge
Christina, english_hole
Zachary, shoes_guide
Joan, symbols_wave
Walter, success_finland
Evelyn, able_center
Kyle, kenya_cuba
Lauren, began_easy
Harold, press_while
Judith, list_march
Carl, require_beyond
Olivia, loud_without
Jeremy, grave_white
Frances, room_jamaica
Keith, study_mine
Martha, start_shop
Roger, shine_aunt
Cheryl, safe_heard
Gerald, even_cannot
Megan, begin_land
Ethan, ridden_alone
Andrea, trouble_suffix
Arthur, dinner_fence
Hannah, orderly_whose
Terry, mexico_which
Jacqueline, broken_wore
Christian, article_catch
Ann, neck_america
Sean, village_bright
Jean, angle_entered
Lawrence, include_snow
Alice, members_several
Austin, sell_alabama
Kathryn, girl_havana
Joe, solution_although
Gloria, visit_apple
Noah, wall_wise
Teresa, forget_sorry
Jesse, head_laughter
Doris, neck_wheel
Albert, feed_japan
Sara, hard_fast
Bryan, stop_paris
Janice, name_nearly
Billy, thirteen_power
Julia, come_small
Bruce, hold_heaven
Marie, great_thrown
Willie, stick_ground
Madison, soil_division
Jordan, page_feel
Grace, round_december
Dylan, feet_africa
Judy, dance_covered
Alan, shoe_time
Theresa, lead_warsaw
Ralph, yellow_pull
Beverly, young_lost
Gabriel, appear_himself
Denise, cattle_basket
Roy, pull_received
Marilyn, prepared_often
Juan, letter_natural
Amber, surface_exercise
Wayne, daily_process
Danielle, certain_elements
Eugene, portugal_remember
Abigail, bulgaria_yard
Logan, grow_legs
Brittany, corn_party
Randy, havana_clean
Rose, wife_effort
Louis, montana_type
Diana, heat_baby
Russell, sail_tone
Natalie, equation_include
Vincent, mountain_cents
Sophia, neither_wagon
Philip, settled_pleasure
Alexis, wear_over
Bobby, each_steel
Lori, phrase_hundred
Johnny, have_tiny
Kayla, nature_dress
Bradley, east_arrive
Jane, mars_laughed